network,time
network_1,0.5613698959350586
network_2,121.79505634307861
network_3,24059.79143500328
