network,time
network_1,0.7388975620269775
network_2,138.29812479019165
network_3,39753.24782085419
